Campaña,Grupo de anuncios,Palabra clave,Tipo de concordancia,URL final
Búsqueda - Luna Rosa - Pereira,01 | Floristería Pereira (Genérico + Cerca de Mí),floristeria pereira,Frase,https://floristerialunarosa.dondeseria.com/landing-pages/floreria-cerca-de-mi-pereira.html
Búsqueda - Luna Rosa - Pereira,01 | Floristería Pereira (Genérico + Cerca de Mí),floristerias en pereira,Frase,https://floristerialunarosa.dondeseria.com/landing-pages/floreria-cerca-de-mi-pereira.html
Búsqueda - Luna Rosa - Pereira,01 | Floristería Pereira (Genérico + Cerca de Mí),floristeria en pereira,Frase,https://floristerialunarosa.dondeseria.com/landing-pages/floreria-cerca-de-mi-pereira.html
Búsqueda - Luna Rosa - Pereira,01 | Floristería Pereira (Genérico + Cerca de Mí),floreria pereira,Frase,https://floristerialunarosa.dondeseria.com/landing-pages/floreria-cerca-de-mi-pereira.html
Búsqueda - Luna Rosa - Pereira,01 | Floristería Pereira (Genérico + Cerca de Mí),flores pereira,Frase,https://floristerialunarosa.dondeseria.com/landing-pages/floreria-cerca-de-mi-pereira.html
Búsqueda - Luna Rosa - Pereira,01 | Floristería Pereira (Genérico + Cerca de Mí),flores en pereira,Frase,https://floristerialunarosa.dondeseria.com/landing-pages/floreria-cerca-de-mi-pereira.html
Búsqueda - Luna Rosa - Pereira,01 | Floristería Pereira (Genérico + Cerca de Mí),[floristeria pereira],Exacta,https://floristerialunarosa.dondeseria.com/landing-pages/floreria-cerca-de-mi-pereira.html
Búsqueda - Luna Rosa - Pereira,01 | Floristería Pereira (Genérico + Cerca de Mí),[floristerias pereira],Exacta,https://floristerialunarosa.dondeseria.com/landing-pages/floreria-cerca-de-mi-pereira.html
Búsqueda - Luna Rosa - Pereira,01 | Floristería Pereira (Genérico + Cerca de Mí),[floristeria cerca de mi],Exacta,https://floristerialunarosa.dondeseria.com/landing-pages/floreria-cerca-de-mi-pereira.html
Búsqueda - Luna Rosa - Pereira,01 | Floristería Pereira (Genérico + Cerca de Mí),floristeria cerca de mi,Frase,https://floristerialunarosa.dondeseria.com/landing-pages/floreria-cerca-de-mi-pereira.html
Búsqueda - Luna Rosa - Pereira,01 | Floristería Pereira (Genérico + Cerca de Mí),floristeria cerca de mi ubicacion,Frase,https://floristerialunarosa.dondeseria.com/landing-pages/floreria-cerca-de-mi-pereira.html
Búsqueda - Luna Rosa - Pereira,01 | Floristería Pereira (Genérico + Cerca de Mí),floristerias cercanas,Frase,https://floristerialunarosa.dondeseria.com/landing-pages/floreria-cerca-de-mi-pereira.html
Búsqueda - Luna Rosa - Pereira,01 | Floristería Pereira (Genérico + Cerca de Mí),floristeria dosquebradas,Frase,https://floristerialunarosa.dondeseria.com/landing-pages/floreria-cerca-de-mi-pereira.html
Búsqueda - Luna Rosa - Pereira,01 | Floristería Pereira (Genérico + Cerca de Mí),floristerias en dosquebradas,Frase,https://floristerialunarosa.dondeseria.com/landing-pages/floreria-cerca-de-mi-pereira.html
Búsqueda - Luna Rosa - Pereira,01 | Floristería Pereira (Genérico + Cerca de Mí),flores dosquebradas,Frase,https://floristerialunarosa.dondeseria.com/landing-pages/floreria-cerca-de-mi-pereira.html
Búsqueda - Luna Rosa - Pereira,01 | Floristería Pereira (Genérico + Cerca de Mí),floristeria pereira centro,Frase,https://floristerialunarosa.dondeseria.com/landing-pages/floreria-cerca-de-mi-pereira.html
Búsqueda - Luna Rosa - Pereira,01 | Floristería Pereira (Genérico + Cerca de Mí),floristeria cuba pereira,Frase,https://floristerialunarosa.dondeseria.com/landing-pages/floreria-cerca-de-mi-pereira.html
Búsqueda - Luna Rosa - Pereira,01 | Floristería Pereira (Genérico + Cerca de Mí),floristeria la pradera dosquebradas,Frase,https://floristerialunarosa.dondeseria.com/landing-pages/floreria-cerca-de-mi-pereira.html
Búsqueda - Luna Rosa - Pereira,01 | Floristería Pereira (Genérico + Cerca de Mí),floristeria santa rosa de cabal,Frase,https://floristerialunarosa.dondeseria.com/landing-pages/floreria-cerca-de-mi-pereira.html
Búsqueda - Luna Rosa - Pereira,01 | Floristería Pereira (Genérico + Cerca de Mí),floristeria abierta hoy,Frase,https://floristerialunarosa.dondeseria.com/landing-pages/floreria-cerca-de-mi-pereira.html
Búsqueda - Luna Rosa - Pereira,01 | Floristería Pereira (Genérico + Cerca de Mí),venta de flores en pereira,Frase,https://floristerialunarosa.dondeseria.com/landing-pages/floreria-cerca-de-mi-pereira.html
Búsqueda - Luna Rosa - Pereira,01 | Floristería Pereira (Genérico + Cerca de Mí),floristeria pereira risaralda,Frase,https://floristerialunarosa.dondeseria.com/landing-pages/floreria-cerca-de-mi-pereira.html
Búsqueda - Luna Rosa - Pereira,02 | Flores a Domicilio Pereira,flores a domicilio pereira,Frase,https://floristerialunarosa.dondeseria.com/landing-pages/flores-a-domicilio-pereira.html
Búsqueda - Luna Rosa - Pereira,02 | Flores a Domicilio Pereira,flores pereira a domicilio,Frase,https://floristerialunarosa.dondeseria.com/landing-pages/flores-a-domicilio-pereira.html
Búsqueda - Luna Rosa - Pereira,02 | Flores a Domicilio Pereira,flores en pereira a domicilio,Frase,https://floristerialunarosa.dondeseria.com/landing-pages/flores-a-domicilio-pereira.html
Búsqueda - Luna Rosa - Pereira,02 | Flores a Domicilio Pereira,[flores a domicilio pereira],Exacta,https://floristerialunarosa.dondeseria.com/landing-pages/flores-a-domicilio-pereira.html
Búsqueda - Luna Rosa - Pereira,02 | Flores a Domicilio Pereira,[flores pereira a domicilio],Exacta,https://floristerialunarosa.dondeseria.com/landing-pages/flores-a-domicilio-pereira.html
Búsqueda - Luna Rosa - Pereira,02 | Flores a Domicilio Pereira,floristerias en pereira a domicilio,Frase,https://floristerialunarosa.dondeseria.com/landing-pages/flores-a-domicilio-pereira.html
Búsqueda - Luna Rosa - Pereira,02 | Flores a Domicilio Pereira,floristeria a domicilio,Frase,https://floristerialunarosa.dondeseria.com/landing-pages/flores-a-domicilio-pereira.html
Búsqueda - Luna Rosa - Pereira,02 | Flores a Domicilio Pereira,envio de flores a domicilio,Frase,https://floristerialunarosa.dondeseria.com/landing-pages/flores-a-domicilio-pereira.html
Búsqueda - Luna Rosa - Pereira,02 | Flores a Domicilio Pereira,enviar flores a domicilio,Frase,https://floristerialunarosa.dondeseria.com/landing-pages/flores-a-domicilio-pereira.html
Búsqueda - Luna Rosa - Pereira,02 | Flores a Domicilio Pereira,flores domicilio pereira,Frase,https://floristerialunarosa.dondeseria.com/landing-pages/flores-a-domicilio-pereira.html
Búsqueda - Luna Rosa - Pereira,02 | Flores a Domicilio Pereira,arreglos florales a domicilio,Frase,https://floristerialunarosa.dondeseria.com/landing-pages/flores-a-domicilio-pereira.html
Búsqueda - Luna Rosa - Pereira,02 | Flores a Domicilio Pereira,detalles a domicilio pereira,Frase,https://floristerialunarosa.dondeseria.com/landing-pages/flores-a-domicilio-pereira.html
Búsqueda - Luna Rosa - Pereira,02 | Flores a Domicilio Pereira,regalos a domicilio pereira,Frase,https://floristerialunarosa.dondeseria.com/landing-pages/flores-a-domicilio-pereira.html
Búsqueda - Luna Rosa - Pereira,02 | Flores a Domicilio Pereira,flores a domicilio dosquebradas,Frase,https://floristerialunarosa.dondeseria.com/landing-pages/flores-a-domicilio-pereira.html
Búsqueda - Luna Rosa - Pereira,02 | Flores a Domicilio Pereira,enviar rosas a domicilio,Frase,https://floristerialunarosa.dondeseria.com/landing-pages/flores-a-domicilio-pereira.html
Búsqueda - Luna Rosa - Pereira,02 | Flores a Domicilio Pereira,flores y chocolates a domicilio,Frase,https://floristerialunarosa.dondeseria.com/landing-pages/flores-a-domicilio-pereira.html
Búsqueda - Luna Rosa - Pereira,03 | Ramos de Rosas,ramos de rosas,Frase,https://floristerialunarosa.dondeseria.com/landing-pages/flores-rosas-pereira.html
Búsqueda - Luna Rosa - Pereira,03 | Ramos de Rosas,ramo de rosas,Frase,https://floristerialunarosa.dondeseria.com/landing-pages/flores-rosas-pereira.html
Búsqueda - Luna Rosa - Pereira,03 | Ramos de Rosas,rosas pereira,Frase,https://floristerialunarosa.dondeseria.com/landing-pages/flores-rosas-pereira.html
Búsqueda - Luna Rosa - Pereira,03 | Ramos de Rosas,rosas en pereira,Frase,https://floristerialunarosa.dondeseria.com/landing-pages/flores-rosas-pereira.html
Búsqueda - Luna Rosa - Pereira,03 | Ramos de Rosas,[rosas pereira],Exacta,https://floristerialunarosa.dondeseria.com/landing-pages/flores-rosas-pereira.html
Búsqueda - Luna Rosa - Pereira,03 | Ramos de Rosas,[ramo de rosas pereira],Exacta,https://floristerialunarosa.dondeseria.com/landing-pages/flores-rosas-pereira.html
Búsqueda - Luna Rosa - Pereira,03 | Ramos de Rosas,bouquet de rosas,Frase,https://floristerialunarosa.dondeseria.com/landing-pages/flores-rosas-pereira.html
Búsqueda - Luna Rosa - Pereira,03 | Ramos de Rosas,caja de rosas,Frase,https://floristerialunarosa.dondeseria.com/landing-pages/flores-rosas-pereira.html
Búsqueda - Luna Rosa - Pereira,03 | Ramos de Rosas,ramo buchon de rosas,Frase,https://floristerialunarosa.dondeseria.com/landing-pages/flores-rosas-pereira.html
Búsqueda - Luna Rosa - Pereira,03 | Ramos de Rosas,ramo de rosas precio,Frase,https://floristerialunarosa.dondeseria.com/landing-pages/flores-rosas-pereira.html
Búsqueda - Luna Rosa - Pereira,03 | Ramos de Rosas,ramos de 100 rosas,Frase,https://floristerialunarosa.dondeseria.com/landing-pages/flores-rosas-pereira.html
Búsqueda - Luna Rosa - Pereira,03 | Ramos de Rosas,rosas eternas pereira,Frase,https://floristerialunarosa.dondeseria.com/landing-pages/flores-rosas-pereira.html
Búsqueda - Luna Rosa - Pereira,03 | Ramos de Rosas,flores eternas pereira,Frase,https://floristerialunarosa.dondeseria.com/landing-pages/flores-rosas-pereira.html
Búsqueda - Luna Rosa - Pereira,03 | Ramos de Rosas,rosas preservadas pereira,Frase,https://floristerialunarosa.dondeseria.com/landing-pages/flores-rosas-pereira.html
Búsqueda - Luna Rosa - Pereira,03 | Ramos de Rosas,rosas rojas pereira,Frase,https://floristerialunarosa.dondeseria.com/landing-pages/flores-rosas-pereira.html
Búsqueda - Luna Rosa - Pereira,03 | Ramos de Rosas,ramo de rosas con fresas y chocolate,Frase,https://floristerialunarosa.dondeseria.com/landing-pages/flores-rosas-pereira.html
Búsqueda - Luna Rosa - Pereira,04 | Flores para Cumpleaños,flores para cumpleaños,Frase,https://floristerialunarosa.dondeseria.com/landing-pages/flores-para-cumpleanos-pereira.html
Búsqueda - Luna Rosa - Pereira,04 | Flores para Cumpleaños,ramos de flores para cumpleaños,Frase,https://floristerialunarosa.dondeseria.com/landing-pages/flores-para-cumpleanos-pereira.html
Búsqueda - Luna Rosa - Pereira,04 | Flores para Cumpleaños,ramo de flores para cumpleaños,Frase,https://floristerialunarosa.dondeseria.com/landing-pages/flores-para-cumpleanos-pereira.html
Búsqueda - Luna Rosa - Pereira,04 | Flores para Cumpleaños,[flores para cumpleaños],Exacta,https://floristerialunarosa.dondeseria.com/landing-pages/flores-para-cumpleanos-pereira.html
Búsqueda - Luna Rosa - Pereira,04 | Flores para Cumpleaños,[ramo de flores para cumpleaños],Exacta,https://floristerialunarosa.dondeseria.com/landing-pages/flores-para-cumpleanos-pereira.html
Búsqueda - Luna Rosa - Pereira,04 | Flores para Cumpleaños,arreglo flores cumpleaños,Frase,https://floristerialunarosa.dondeseria.com/landing-pages/flores-para-cumpleanos-pereira.html
Búsqueda - Luna Rosa - Pereira,04 | Flores para Cumpleaños,arreglos florales para cumpleaños,Frase,https://floristerialunarosa.dondeseria.com/landing-pages/flores-para-cumpleanos-pereira.html
Búsqueda - Luna Rosa - Pereira,04 | Flores para Cumpleaños,flores de cumpleaños a domicilio,Frase,https://floristerialunarosa.dondeseria.com/landing-pages/flores-para-cumpleanos-pereira.html
Búsqueda - Luna Rosa - Pereira,04 | Flores para Cumpleaños,regalos cumpleaños pereira,Frase,https://floristerialunarosa.dondeseria.com/landing-pages/flores-para-cumpleanos-pereira.html
Búsqueda - Luna Rosa - Pereira,04 | Flores para Cumpleaños,detalles para mujer,Frase,https://floristerialunarosa.dondeseria.com/landing-pages/flores-para-cumpleanos-pereira.html
Búsqueda - Luna Rosa - Pereira,04 | Flores para Cumpleaños,flores para mi novia,Frase,https://floristerialunarosa.dondeseria.com/landing-pages/flores-para-cumpleanos-pereira.html
Búsqueda - Luna Rosa - Pereira,04 | Flores para Cumpleaños,flores para regalar,Frase,https://floristerialunarosa.dondeseria.com/landing-pages/flores-para-cumpleanos-pereira.html
Búsqueda - Luna Rosa - Pereira,04 | Flores para Cumpleaños,ramos de flores para novia,Frase,https://floristerialunarosa.dondeseria.com/landing-pages/flores-para-cumpleanos-pereira.html
Búsqueda - Luna Rosa - Pereira,04 | Flores para Cumpleaños,regalos sorpresa pereira,Frase,https://floristerialunarosa.dondeseria.com/landing-pages/flores-para-cumpleanos-pereira.html
Búsqueda - Luna Rosa - Pereira,04 | Flores para Cumpleaños,detalles pereira,Frase,https://floristerialunarosa.dondeseria.com/landing-pages/flores-para-cumpleanos-pereira.html
Búsqueda - Luna Rosa - Pereira,05 | Ramos y Arreglos Florales (Elegantes),ramos de flores pereira,Frase,https://floristerialunarosa.dondeseria.com/landing-pages/ramos-flores-elegantes-pereira.html
Búsqueda - Luna Rosa - Pereira,05 | Ramos y Arreglos Florales (Elegantes),ramo de flores pereira,Frase,https://floristerialunarosa.dondeseria.com/landing-pages/ramos-flores-elegantes-pereira.html
Búsqueda - Luna Rosa - Pereira,05 | Ramos y Arreglos Florales (Elegantes),ramos de flores en pereira,Frase,https://floristerialunarosa.dondeseria.com/landing-pages/ramos-flores-elegantes-pereira.html
Búsqueda - Luna Rosa - Pereira,05 | Ramos y Arreglos Florales (Elegantes),[ramos de flores pereira],Exacta,https://floristerialunarosa.dondeseria.com/landing-pages/ramos-flores-elegantes-pereira.html
Búsqueda - Luna Rosa - Pereira,05 | Ramos y Arreglos Florales (Elegantes),[arreglos florales pereira],Exacta,https://floristerialunarosa.dondeseria.com/landing-pages/ramos-flores-elegantes-pereira.html
Búsqueda - Luna Rosa - Pereira,05 | Ramos y Arreglos Florales (Elegantes),arreglos florales pereira,Frase,https://floristerialunarosa.dondeseria.com/landing-pages/ramos-flores-elegantes-pereira.html
Búsqueda - Luna Rosa - Pereira,05 | Ramos y Arreglos Florales (Elegantes),arreglos florales en pereira,Frase,https://floristerialunarosa.dondeseria.com/landing-pages/ramos-flores-elegantes-pereira.html
Búsqueda - Luna Rosa - Pereira,05 | Ramos y Arreglos Florales (Elegantes),arreglos florales,Frase,https://floristerialunarosa.dondeseria.com/landing-pages/ramos-flores-elegantes-pereira.html
Búsqueda - Luna Rosa - Pereira,05 | Ramos y Arreglos Florales (Elegantes),ramos de flores,Frase,https://floristerialunarosa.dondeseria.com/landing-pages/ramos-flores-elegantes-pereira.html
Búsqueda - Luna Rosa - Pereira,05 | Ramos y Arreglos Florales (Elegantes),bouquet de flores,Frase,https://floristerialunarosa.dondeseria.com/landing-pages/ramos-flores-elegantes-pereira.html
Búsqueda - Luna Rosa - Pereira,05 | Ramos y Arreglos Florales (Elegantes),ramos pereira,Frase,https://floristerialunarosa.dondeseria.com/landing-pages/ramos-flores-elegantes-pereira.html
Búsqueda - Luna Rosa - Pereira,05 | Ramos y Arreglos Florales (Elegantes),precios de ramos de flores,Frase,https://floristerialunarosa.dondeseria.com/landing-pages/ramos-flores-elegantes-pereira.html
Búsqueda - Luna Rosa - Pereira,05 | Ramos y Arreglos Florales (Elegantes),valor de ramos de flores,Frase,https://floristerialunarosa.dondeseria.com/landing-pages/ramos-flores-elegantes-pereira.html
Búsqueda - Luna Rosa - Pereira,05 | Ramos y Arreglos Florales (Elegantes),tulipanes pereira,Frase,https://floristerialunarosa.dondeseria.com/landing-pages/ramos-flores-elegantes-pereira.html
Búsqueda - Luna Rosa - Pereira,05 | Ramos y Arreglos Florales (Elegantes),orquideas pereira,Frase,https://floristerialunarosa.dondeseria.com/landing-pages/ramos-flores-elegantes-pereira.html
Búsqueda - Luna Rosa - Pereira,05 | Ramos y Arreglos Florales (Elegantes),lirios pereira,Frase,https://floristerialunarosa.dondeseria.com/landing-pages/ramos-flores-elegantes-pereira.html
Búsqueda - Luna Rosa - Pereira,05 | Ramos y Arreglos Florales (Elegantes),girasoles ramo,Frase,https://floristerialunarosa.dondeseria.com/landing-pages/ramos-flores-elegantes-pereira.html
Búsqueda - Luna Rosa - Pereira,05 | Ramos y Arreglos Florales (Elegantes),ramos de tulipanes,Frase,https://floristerialunarosa.dondeseria.com/landing-pages/ramos-flores-elegantes-pereira.html
Búsqueda - Luna Rosa - Pereira,05 | Ramos y Arreglos Florales (Elegantes),anchetas pereira,Frase,https://floristerialunarosa.dondeseria.com/landing-pages/ramos-flores-elegantes-pereira.html
Búsqueda - Luna Rosa - Pereira,"06 | Fúnebres (Coronas, Ramos y Velorios)",[arreglos funebres pereira],Exacta,https://floristerialunarosa.dondeseria.com/landing-pages/arreglos-funebres-pereira.html
Búsqueda - Luna Rosa - Pereira,"06 | Fúnebres (Coronas, Ramos y Velorios)",[coronas funebres pereira],Exacta,https://floristerialunarosa.dondeseria.com/landing-pages/arreglos-funebres-pereira.html
Búsqueda - Luna Rosa - Pereira,"06 | Fúnebres (Coronas, Ramos y Velorios)",[ramos funebres pereira],Exacta,https://floristerialunarosa.dondeseria.com/landing-pages/arreglos-funebres-pereira.html
Búsqueda - Luna Rosa - Pereira,"06 | Fúnebres (Coronas, Ramos y Velorios)",[flores para velorio],Exacta,https://floristerialunarosa.dondeseria.com/landing-pages/arreglos-funebres-pereira.html
Búsqueda - Luna Rosa - Pereira,"06 | Fúnebres (Coronas, Ramos y Velorios)",arreglos funebres pereira,Frase,https://floristerialunarosa.dondeseria.com/landing-pages/arreglos-funebres-pereira.html
Búsqueda - Luna Rosa - Pereira,"06 | Fúnebres (Coronas, Ramos y Velorios)",arreglos funebres,Frase,https://floristerialunarosa.dondeseria.com/landing-pages/arreglos-funebres-pereira.html
Búsqueda - Luna Rosa - Pereira,"06 | Fúnebres (Coronas, Ramos y Velorios)",coronas funebres pereira,Frase,https://floristerialunarosa.dondeseria.com/landing-pages/arreglos-funebres-pereira.html
Búsqueda - Luna Rosa - Pereira,"06 | Fúnebres (Coronas, Ramos y Velorios)",coronas funebres,Frase,https://floristerialunarosa.dondeseria.com/landing-pages/arreglos-funebres-pereira.html
Búsqueda - Luna Rosa - Pereira,"06 | Fúnebres (Coronas, Ramos y Velorios)",corona funebre precio,Frase,https://floristerialunarosa.dondeseria.com/landing-pages/arreglos-funebres-pereira.html
Búsqueda - Luna Rosa - Pereira,"06 | Fúnebres (Coronas, Ramos y Velorios)",corona funeraria precio,Frase,https://floristerialunarosa.dondeseria.com/landing-pages/arreglos-funebres-pereira.html
Búsqueda - Luna Rosa - Pereira,"06 | Fúnebres (Coronas, Ramos y Velorios)",coronas funebres cerca de mi,Frase,https://floristerialunarosa.dondeseria.com/landing-pages/arreglos-funebres-pereira.html
Búsqueda - Luna Rosa - Pereira,"06 | Fúnebres (Coronas, Ramos y Velorios)",coronas velorios,Frase,https://floristerialunarosa.dondeseria.com/landing-pages/arreglos-funebres-pereira.html
Búsqueda - Luna Rosa - Pereira,"06 | Fúnebres (Coronas, Ramos y Velorios)",cruz funebre,Frase,https://floristerialunarosa.dondeseria.com/landing-pages/arreglos-funebres-pereira.html
Búsqueda - Luna Rosa - Pereira,"06 | Fúnebres (Coronas, Ramos y Velorios)",palma funebre,Frase,https://floristerialunarosa.dondeseria.com/landing-pages/arreglos-funebres-pereira.html
Búsqueda - Luna Rosa - Pereira,"06 | Fúnebres (Coronas, Ramos y Velorios)",ramos funebres pereira,Frase,https://floristerialunarosa.dondeseria.com/landing-pages/arreglos-funebres-pereira.html
Búsqueda - Luna Rosa - Pereira,"06 | Fúnebres (Coronas, Ramos y Velorios)",ramos funebres,Frase,https://floristerialunarosa.dondeseria.com/landing-pages/arreglos-funebres-pereira.html
Búsqueda - Luna Rosa - Pereira,"06 | Fúnebres (Coronas, Ramos y Velorios)",ramo condolencias,Frase,https://floristerialunarosa.dondeseria.com/landing-pages/arreglos-funebres-pereira.html
Búsqueda - Luna Rosa - Pereira,"06 | Fúnebres (Coronas, Ramos y Velorios)",flores para velorio,Frase,https://floristerialunarosa.dondeseria.com/landing-pages/arreglos-funebres-pereira.html
Búsqueda - Luna Rosa - Pereira,"06 | Fúnebres (Coronas, Ramos y Velorios)",arreglos florales para velorio,Frase,https://floristerialunarosa.dondeseria.com/landing-pages/arreglos-funebres-pereira.html
Búsqueda - Luna Rosa - Pereira,"06 | Fúnebres (Coronas, Ramos y Velorios)",arreglos florales para velorio precio,Frase,https://floristerialunarosa.dondeseria.com/landing-pages/arreglos-funebres-pereira.html
Búsqueda - Luna Rosa - Pereira,"06 | Fúnebres (Coronas, Ramos y Velorios)",arreglos florales funebres,Frase,https://floristerialunarosa.dondeseria.com/landing-pages/arreglos-funebres-pereira.html
Búsqueda - Luna Rosa - Pereira,"06 | Fúnebres (Coronas, Ramos y Velorios)",arreglos florales exequiales,Frase,https://floristerialunarosa.dondeseria.com/landing-pages/arreglos-funebres-pereira.html
Búsqueda - Luna Rosa - Pereira,"06 | Fúnebres (Coronas, Ramos y Velorios)",ramos de flores para funeral,Frase,https://floristerialunarosa.dondeseria.com/landing-pages/arreglos-funebres-pereira.html
Búsqueda - Luna Rosa - Pereira,"06 | Fúnebres (Coronas, Ramos y Velorios)",flores de funeral,Frase,https://floristerialunarosa.dondeseria.com/landing-pages/arreglos-funebres-pereira.html
Búsqueda - Luna Rosa - Pereira,"06 | Fúnebres (Coronas, Ramos y Velorios)",floristerias en pereira cementerio san camilo,Frase,https://floristerialunarosa.dondeseria.com/landing-pages/arreglos-funebres-pereira.html
Búsqueda - Luna Rosa - Pereira,"06 | Fúnebres (Coronas, Ramos y Velorios)",floristeria san camilo pereira,Frase,https://floristerialunarosa.dondeseria.com/landing-pages/arreglos-funebres-pereira.html
Búsqueda - Luna Rosa - Pereira,"06 | Fúnebres (Coronas, Ramos y Velorios)",flores para condolencias,Frase,https://floristerialunarosa.dondeseria.com/landing-pages/arreglos-funebres-pereira.html
Búsqueda - Luna Rosa - Pereira,(negativa de campaña),gratis,Frase negativa,
Búsqueda - Luna Rosa - Pereira,(negativa de campaña),empleo,Frase negativa,
Búsqueda - Luna Rosa - Pereira,(negativa de campaña),trabajo,Frase negativa,
Búsqueda - Luna Rosa - Pereira,(negativa de campaña),curso,Frase negativa,
Búsqueda - Luna Rosa - Pereira,(negativa de campaña),como hacer,Frase negativa,
Búsqueda - Luna Rosa - Pereira,(negativa de campaña),diy,Frase negativa,
Búsqueda - Luna Rosa - Pereira,(negativa de campaña),imagenes,Frase negativa,
Búsqueda - Luna Rosa - Pereira,(negativa de campaña),dibujos,Frase negativa,
Búsqueda - Luna Rosa - Pereira,(negativa de campaña),al por mayor,Frase negativa,
Búsqueda - Luna Rosa - Pereira,(negativa de campaña),mayorista,Frase negativa,
Búsqueda - Luna Rosa - Pereira,(negativa de campaña),viveros,Frase negativa,
Búsqueda - Luna Rosa - Pereira,(negativa de campaña),plantas artificiales,Frase negativa,
Búsqueda - Luna Rosa - Pereira,(negativa de campaña),flores artificiales,Frase negativa,
Búsqueda - Luna Rosa - Pereira,(negativa de campaña),semillas,Frase negativa,
Búsqueda - Luna Rosa - Pereira,(negativa de campaña),rappi,Frase negativa,
Búsqueda - Luna Rosa - Pereira,(negativa de campaña),domicilios com,Frase negativa,
Búsqueda - Luna Rosa - Pereira,(negativa de campaña),zabrisky,Frase negativa,
Búsqueda - Luna Rosa - Pereira,(negativa de campaña),floristeria sion,Frase negativa,
Búsqueda - Luna Rosa - Pereira,(negativa de campaña),floristeria liz,Frase negativa,
Búsqueda - Luna Rosa - Pereira,(negativa de campaña),floristeria majo,Frase negativa,
Búsqueda - Luna Rosa - Pereira,(negativa de campaña),floreria orly,Frase negativa,
Búsqueda - Luna Rosa - Pereira,(negativa de campaña),decoarte,Frase negativa,
Búsqueda - Luna Rosa - Pereira,(negativa de campaña),venus mahe,Frase negativa,
Búsqueda - Luna Rosa - Pereira,(negativa de campaña),vegonia,Frase negativa,
Búsqueda - Luna Rosa - Pereira,(negativa de campaña),floristeria primavera,Frase negativa,
Búsqueda - Luna Rosa - Pereira,(negativa de campaña),las margaritas,Frase negativa,
Búsqueda - Luna Rosa - Pereira,(negativa de campaña),floristeria guadalupe,Frase negativa,
Búsqueda - Luna Rosa - Pereira,(negativa de campaña),lovely moments,Frase negativa,
Búsqueda - Luna Rosa - Pereira,(negativa de campaña),floristeria exotica,Frase negativa,
Búsqueda - Luna Rosa - Pereira,(negativa de campaña),orquideas del otun,Frase negativa,
Búsqueda - Luna Rosa - Pereira,(negativa de campaña),floristeria la florida,Frase negativa,
Búsqueda - Luna Rosa - Pereira,(negativa de campaña),armenia,Frase negativa,
Búsqueda - Luna Rosa - Pereira,(negativa de campaña),quindio,Frase negativa,
Búsqueda - Luna Rosa - Pereira,(negativa de campaña),cartago,Frase negativa,
Búsqueda - Luna Rosa - Pereira,(negativa de campaña),valle,Frase negativa,
Búsqueda - Luna Rosa - Pereira,(negativa de campaña),popayan,Frase negativa,
Búsqueda - Luna Rosa - Pereira,(negativa de campaña),manizales,Frase negativa,
Búsqueda - Luna Rosa - Pereira,(negativa de campaña),medellin,Frase negativa,
Búsqueda - Luna Rosa - Pereira,(negativa de campaña),bogota,Frase negativa,
Búsqueda - Luna Rosa - Pereira,(negativa de campaña),cali,Frase negativa,
Búsqueda - Luna Rosa - Pereira,(negativa de campaña),la union,Frase negativa,
Búsqueda - Luna Rosa - Pereira,(negativa de campaña),la virginia,Frase negativa,
Búsqueda - Luna Rosa - Pereira,(negativa de campaña),quimbaya,Frase negativa,
Búsqueda - Luna Rosa - Pereira,(negativa de campaña),chinchina,Frase negativa,
Búsqueda - Luna Rosa - Pereira,(negativa de campaña),calarca,Frase negativa,
Búsqueda - Luna Rosa - Pereira,(negativa de campaña),tulua,Frase negativa,
